項次,機構類別,機構名稱,機構代碼,地址,負責人,電話
1,中醫診所,慈生內科傷科中醫診所,3822020096,嘉義市西區學圃里民生北路２０號,蔡清煌,52252278
2,中醫診所,中和內科傷科中醫診所,3822020149,嘉義市西區民族路806號,黃火全,05 2273543
3,中醫診所,金德中醫診所,3822020041,嘉義市西區北興街２８８號,張金庫,05 2325118
4,中醫診所,李中醫診所,3822020050,嘉義市西區杭州三街２１號,李泰榮,05 2852059
5,中醫診所,杏林堂中醫診所,3822020130,嘉義市西區民生南路５５０號,李曜騰,05 2353309
6,中醫診所,張福泉中醫診所,3822020274,嘉義市西區北興街１７４號,張福泉,05 2320181
7,中醫診所,蔡國忠中醫診所,3822020336,嘉義市西區仁愛路２９７號,蔡國忠,05 2854696
8,中醫診所,聖林中醫診所,3822020345,嘉義市西區自由路３１２號,羅金發,05 2320581
9,中醫診所,迦南中醫診所,3822020354,嘉義市西區保安里竹圍路１２３號,卓青峰,05 2332414
10,中醫診所,洪鳳鳴中醫診所,3822020416,嘉義市西區博愛路一段207號,洪鳳鳴,05 2321091
11,中醫診所,大成中醫診所,3822020434,嘉義市西區書院里新榮路307號1至2樓,劉自強,05 2222635
12,中醫診所,建成中醫診所,3822020461,嘉義市西區建成街７３之２號,柳維聰,05 2866058
13,中醫診所,養心齋中醫診所,3822020470,嘉義市西區八德路56號,王貴芳,05 2341971
14,中醫診所,建民堂中醫診所,3822020514,嘉義市西區光路里民生南路４３０號,黃順珍,05 2831318
15,中醫診所,朝榮中醫診所,3822020532,嘉義市西區仁愛路３０１號,陳朝榮,05 2855888
16,中醫診所,新民中醫診所,3822021566,嘉義市西區新民路703號2樓,賀慕竹,05-2837170
17,中醫診所,正慶中醫診所,3822021584,嘉義市西區仁愛路372號,江正慶,05-2270130
18,中醫診所,嘉冠中醫診所,3822021619,嘉義市西區忠義街174號,黃俊銘,05-2222354
19,中醫診所,德隆中醫診所,3822021628,嘉義市西區友順街85號,李德隆,05-2315556
20,中醫診所,仲聖中醫診所,3822021637,嘉義市西區興業西路85號地下一樓,黃國龍,52270513
21,中醫診所,百安堂中醫診所,3822021646,嘉義市西區興達路158號1樓,楊宗熹,05-2321355
22,中醫診所,復安堂中醫診所,3822021691,嘉義市西區蘭井街316號之2,陳勝祥,05-2231858
23,中醫診所,儒佑中醫診所,3822021735,嘉義市西區忠義街135號,黃宗寶,05-2744973
24,中醫診所,銘冠中醫診所,3822021744,嘉義市西區民族路650號.新榮路110號,邱振城,05-2273311
25,中醫診所,慈仁中醫診所,3822021771,嘉義市西區志昇街71號1樓,王莉眉,05-2258837
26,中醫診所,宏信中醫診所,3822021815,嘉義市西區竹圍里興達路474號1樓,廖麗君,05-2318467
27,中醫診所,恕安中醫診所,3822021824,嘉義市西區永和里廣寧街13號1樓,沈慧宙,05-2221150
28,中醫診所,榮光中醫診所,3822021833,嘉義市西區民生北路271號1、2樓,陳明和,52163316
29,中醫診所,星嘉中醫診所,3822021842,嘉義市西區車店里上海路167號1樓,吳嘉燕,2836969
30,中醫診所,寶芝琳中醫診所,3822021851,嘉義市西區永和街69-1號1樓,游顯彰,05-2273205
31,中醫診所,安和中醫診所,3822021860,嘉義市西區新厝里友忠路935之1號1樓,林玟怡,05-2331959
32,中醫診所,寶雅中醫診所,3822021879,嘉義市西區興業西路149號一樓,張寶源,05-2352200
33,中醫診所,季德中醫診所,3822021897,嘉義市西區民族路542號1樓,張育綾,2253209.094
34,中醫診所,康慧中醫診所,3822021904,嘉義市西區興業西路154號1樓,劉淑清,05-2361836
35,中醫診所,慶昇中醫診所,3822021922,嘉義市西區北榮街217號1樓,吳孟青,05-2223112
36,中醫診所,兆春中醫診所,3822011471,嘉義市東區林森東路82號,吳銘唐,05 2752282
37,中醫診所,濟世中醫診所,3822011506,嘉義市東區林森東路800號、802號1樓,楊政龍,05-2740868
38,中醫診所,建生中醫診所,3822011515,嘉義市東區吳鳳北路二一三號一樓,何俊儀,05-2225015
39,中醫診所,中孚中醫診所,3822011524,嘉義市東區太平里博東路289號1樓,許玉娟,05-2778692
40,中醫診所,天仁堂中醫診所,3822011551,嘉義市東區吳鳳南路579號,林耕緯,05-2301900
41,中醫診所,金陵中醫診所,3822011588,嘉義市東區吳鳳北路353號之1一樓,林晃,05-2759014
42,中醫診所,天祥中醫診所,3822011597,嘉義市東區中山路210號,吳慶明,05-2253607
43,中醫診所,吉祥中醫診所,3822011604,嘉義市東區興業東路317號,王天寶,2230229
44,中醫診所,立仁中醫診所,3822011613,嘉義市東區安寮里立仁路331號1樓,邱瑞發,52232188
45,中醫診所,慈護誠品中醫診所,3822011622,嘉義市東區大雅路二段432號1樓,戴君強,05-2711277
46,中醫診所,慶瑞堂中醫診所,3822011631,嘉義市東區林森東路428號1樓嘉義市林森東路428號1樓,莊凱添,05-2782785
47,中醫診所,林臻瑋中醫診所,3822011659,嘉義市東區民權路120-6號1樓,林臻瑋,2779867
48,中醫診所,洪揚中醫診所,3822011668,嘉義市東區公明路279、281號1樓,洪士翔,05-2160638
49,中醫診所,高銘中醫診所,3822011677,嘉義市東區義教街755號1樓,王俞評,05-2712717
50,中醫診所,鍾明昌中醫診所,3822010054,嘉義市東區民國路２１１號,鍾明昌,05 2782208
51,中醫診所,詹輝次中醫診所,3822010072,嘉義市東區初陽里民族路３６２號,詹輝次,05 2271177
52,中醫診所,亞產中醫診所,3822010081,嘉義市東區吳鳳北路226號,唐豐成,05 2229612
53,中醫診所,德義堂中醫診所,3822010107,嘉義市東區安平里民族路３１６號,張宏興,05 2224807
54,中醫診所,斌德中醫診所,3822010116,嘉義市東區鎮南里忠孝路５號,賴惠淳,05 2224123
55,中醫診所,日生堂中醫診所,3822010134,嘉義市東區公明路213號,劉鎮臺,05-2226097
56,中醫診所,龍德中醫診所,3822010161,嘉義市東區吳鳳北路１５８號,楊國耀,05 2282883
57,中醫診所,南山中醫診所,3822010170,嘉義市東區蘭井里光華路５６號,張健生,05 2223658
58,中醫診所,仰德中醫診所,3822010223,嘉義市東區啟明路１０８號,蘇泰蒼,05 2753848
59,中醫診所,大安中醫診所,3822010287,嘉義市東區東噴里中山路53號,朱建昌,05 2785861
60,中醫診所,信生中醫診所,3822010303,嘉義市東區吳鳳南路62號1樓,賴陳月華,05 2220160
61,中醫診所,亦生堂中醫診所,3822010312,嘉義市東區台林街１２２號,林貴美,05 2753865
62,中醫診所,濟生中醫診所,3822010321,嘉義市東區吳鳳南路１３８號,王坤盛,05 2257713
63,中醫診所,曾志能中醫診所,3822010376,嘉義市東區吳鳳北路４０７號,曾志能,05 22755488
64,中醫診所,嘉德中醫診所,3822011408,嘉義市東區吳鳳北路216號,趙炎洲,05-2270112
65,中醫診所,芳安中醫診所,3822011417,嘉義市東區芳安路103號,周明正,52289913
66,中醫診所,誠泰中醫診所,3822011435,嘉義市東區民權路188號,陳企忠,05-2713969
67,中醫診所,文德中醫診所,3822011453,嘉義市東區和平路261號,李明憲,05-2251827
68,中醫診所,和信中醫診所,3822011462,嘉義市東區嘉北街106號,蕭有福,05-2766256
69,西醫診所,奇威診所,3522020027,嘉義市西區長榮街２８２號,顏權騰,05-2255901
70,西醫診所,邱內兒科診所,3522020107,嘉義市西區新榮路２５６號,邱義和,05 2282013
71,西醫診所,林昭男家庭醫學科診所,3522020134,嘉義市西區民族路７１８號,林昭男,05 2279558
72,西醫診所,鄭婦產科診所,3522020170,嘉義市西區康莊里西榮街１８９號,鄭嘉哲,05 2222836
73,西醫診所,嘉良診所,3522020189,嘉義市西區學圃里忠義街４５號,劉戊良,05 2222827
74,西醫診所,春安診所,3522020198,嘉義市西區光路里民生南路432號,江金水,05 2854146
75,西醫診所,鴻安診所,3522020330,嘉義市西區書院里延平街４０１之１號,蔡秀雄,05 2271318
76,西醫診所,張外科皮膚科診所,3522020358,嘉義市西區功科里民生北路220號,張崑南,05 2233629
77,西醫診所,羅眼科診所,3522020376,嘉義市西區民族路８０４號,羅正義,05 2242288
78,西醫診所,張文輝診所,3522020438,嘉義市西區林森西路４９０號,張文輝,05-2238819
79,西醫診所,柳內兒科診所,3522020536,嘉義市西區國華街４１４之１號,柳文化,05 2325986
80,西醫診所,林海南診所,3522020607,嘉義市西區康樂街１５７號,林海南,05 2273185
81,西醫診所,洪內兒科診所,3522020616,嘉義市西區民生里民生北路２９３號,洪肇隆,05 2247123
82,西醫診所,榮芳內兒科診所,3522020689,嘉義市西區仁愛路４４６號,余俊典,05 2224712
83,西醫診所,吳眼科診所,3522020698,嘉義市西區中山路４１８號,吳明彰,05 2244695
84,西醫診所,德星耳鼻喉科診所,3522020723,嘉義市西區民權路３７４號,陳德洽,05 2236025
85,西醫診所,顏耳鼻喉科診所,3522020750,嘉義市西區新榮路１９９號,顏懿成,05 2278795
86,西醫診所,呂國鎮皮膚科診所,3522020812,嘉義市西區民生里民生北路259號1樓,呂國鎮,05 2221459
87,西醫診所,佳寶婦產科診所,3522021122,嘉義市西區中庸里垂楊路４６６號,沈國柱,05 2252963
88,西醫診所,陳眼科診所,3522021195,嘉義市西區民生里民生北路２７９號,陳俊賢,05 2290013
89,西醫診所,江啟生診所,3522021211,嘉義市西區車店里興業西路３８３號,江啟生,05 2858357
90,西醫診所,林俊鵬診所,3522021220,嘉義市西區新厝里松江一街２１號,林俊鵬,05 2322048
91,西醫診所,好生診所,3522021266,嘉義市西區國華街４１６號,蔡燿州,05 2324630
92,西醫診所,鍾易晉耳鼻喉科診所,3522021275,嘉義市西區新民路７５８號１樓,鍾易晉,05 2856506
93,西醫診所,王伯智皮膚科診所,3522021293,嘉義市西區林森西路500號1樓,王伯智,05-2276227
94,西醫診所,魏眼科診所,3522021300,嘉義市西區民權路３７８號,魏港生,05 2237889
95,西醫診所,沈小兒科診所,3522021328,嘉義市西區民權路３８０號,沈志峰,05 2250170
96,西醫診所,佑仁診所,3522021337,嘉義市西區友愛路１９０號,洪怡仁,05 2335906
97,西醫診所,陳明煌診所,3522021364,嘉義市西區北興街４４２號,陳明煌,05 2337036
98,西醫診所,黃彬診所,3522021435,嘉義市西區慶昌里博愛路一段４１１之３號１樓,黃彬,05 2333380
99,西醫診所,張百欽家庭醫學科診所,3522021453,嘉義市西區湖邊里博愛路一段203號,張百欽,05 2339555
100,西醫診所,李英徽耳鼻喉科診所,3522021588,嘉義市西區民生南路133號1樓,李英徽,05 2255610
101,西醫診所,曾良達診所,3522021604,嘉義市西區八德路３３８號,曾良達,05 2333928
102,西醫診所,王仁樟皮膚科診所,3522021622,嘉義市西區民生南路９號,王仁樟,05 2293829
103,西醫診所,黃敏宏皮膚科診所,3522021668,嘉義市西區新民路９３８號,黃敏宏,05-2287079
104,西醫診所,陳霖生內科診所,3522021686,嘉義市西區民生北路238號1樓,陳霖生,05 2291675
105,西醫診所,育全診所,3522021800,嘉義市西區友愛路１１５號,呂季全,05 2343758
106,西醫診所,李建忠眼科診所,3522021819,嘉義市西區新榮路１７８１８０號,李建忠,05 2222877
107,西醫診所,民族診所,3522021882,嘉義市西區民族路７０１號1- 4樓,張瓊文,05 2276008
108,西醫診所,洪瑞禧診所,3522022914,嘉義市西區林森西路五五二號,洪瑞禧,2293625
109,西醫診所,太和診所,3522022950,嘉義市西區新榮路七五號一樓,廖春癸,05-2222856
110,西醫診所,邱碩堯耳鼻喉科診所,3522022969,嘉義市西區垂楊路五OO號,邱碩堯,05-2273115
111,西醫診所,蔡湯鎮眼科診所,3522023028,嘉義市西區新民路653號,蔡湯鎮,05-2368019
112,西醫診所,正安診所,3522023037,嘉義市西區興業西路342號1、３樓,蔡政勳,25-2865278
113,西醫診所,羅銓中診所,3522023064,嘉義市西區民生北路89號地下室,羅銓中,05-2222979
114,西醫診所,戴昌隆皮膚科診所,3522023144,嘉義市西區博愛路二段277號,戴昌隆,05 2339307
115,西醫診所,安生婦產科診所,3522023162,嘉義市西區中正路565號,廖璧玉,05-2223377
116,西醫診所,王國哲診所,3522023224,嘉義市西區博愛路二段三五九號一二樓,王國哲,2332883
117,西醫診所,極緻整形外科診所,3522023260,嘉義市西區新民路618之2號一樓,陳善運,05-2852757
118,西醫診所,盈安診所,3522023313,嘉義市西區北興街二四五之三號,陳盈兆,05-2318472
119,西醫診所,許維倫診所,3522023322,嘉義市西區民生南路四三八號一樓,許維倫,05-2868895
120,西醫診所,郭育祥診所,3522023377,嘉義市西區博愛路二段240號一樓,郭育祥,05-2338855
121,西醫診所,吳耳鼻喉科診所,3522023386,嘉義市西區中山路406號,吳賢良,05 2222258
122,西醫診所,宏元家庭醫學科診所,3522023411,嘉義市西區國華街236號1樓,顏三元,05-2165555
123,西醫診所,安泰眼科診所,3522023439,嘉義市西區仁愛路482號1、2樓,邱靖甯,05-2282278
124,西醫診所,許銘瑞診所,3522023475,嘉義市西區新民路936號1、2樓,許銘瑞,05-2227784
125,西醫診所,德祐眼科診所,3522023519,嘉義市西區仁愛路482號1、2樓,周師宇,2282278
126,西醫診所,慎諭婦產科診所,3522023528,嘉義市西區民生南路118-7號、118-7號2樓,辜勉譯,2253652
127,西醫診所,賴大川診所,3522021033,嘉義市西區慶昇里西榮街２４１號,賴大川,05 2234511
128,西醫診所,程忠誠診所,3522021042,嘉義市西區新榮路７０號,程忠誠,05 2293068
129,西醫診所,蔣天來診所,3522021168,嘉義市西區國華街１７２號,蔣天來,05 2223350
130,西醫診所,弘仁診所,3522021177,嘉義市西區功科里忠義街１０１號,方士祁,05 2226119
131,西醫診所,新民診所,3522021373,嘉義市西區新民路七０一．七０三號一.二樓,許博儒,05 2851179
132,西醫診所,紀裕庭診所,3522021382,嘉義市西區光路里民生南路４８０號,紀裕庭,05 2835123
133,西醫診所,侯瑞卿診所,3522021524,嘉義市西區福民里徐州六街５2.54號,侯瑞卿,05 2859659
134,西醫診所,人義診所,3522022987,嘉義市西區南京路502號-2,李昭勳,05-2368083
135,西醫診所,宏祐診所,3522023091,嘉義市西區友愛路二三五號,陳宏猷,05-2336332
136,西醫診所,崇安診所,3522023457,嘉義市西區竹圍四路72.72-1號,王六宜,05-2810729
137,西醫診所,張耿章診所,3522023564,嘉義市西區新建街2、4號1樓,張耿章,05-2851285
138,西醫診所,大恩整體自然醫學診所,3522023608,嘉義市西區林森西路200號1、2樓,羅大恩,05-2234829
139,西醫診所,六福診所,3522023626,嘉義市西區興業西路333號1樓,田文娟,2853300
140,西醫診所,鄭美蕊婦產科診所,3522023662,嘉義市西區民族路720號1樓,鄭美蕊,05-2293396
141,西醫診所,愛兒診所,3522023671,嘉義市西區民生南路45號1樓,林源隆,05-2238233
142,西醫診所,吉祥醫美耳鼻喉科診所,3522023699,嘉義市西區興業西路273號1樓,劉忠憲,2352516
143,西醫診所,大佳診所,3522023706,嘉義市西區新民路696號1樓,洪霈濃,2212345
144,西醫診所,啟仁診所,3522023715,嘉義市西區中山路610號1樓,林嘉麟,2257959
145,西醫診所,洪培凱耳鼻喉科診所,3522023733,嘉義市西區新民路632號1樓,洪培凱,05-2866689
146,西醫診所,施穎敏診所,3522023788,嘉義市西區興業西路77號,施穎敏,2840270
147,西醫診所,新眼光眼科診所,3522023831,嘉義市西區興業西路134號1樓,洪豪良,05-2838989
148,西醫診所,承鴻診所,3522023840,嘉義市西區南京路500號1樓,林伯峰,05-2865669
149,西醫診所,周安良診所,3522023868,嘉義市西區興業西路28號1樓,周安良,05-2230527
150,西醫診所,博愛診所,3522023877,嘉義市西區興業西路136、138號1樓,王博瀚,2866600
151,西醫診所,玉山診所,3522023886,嘉義市西區民生南路479號1樓,黃譯輝,05-2361213
152,西醫診所,黃思超小兒科診所,3522023902,嘉義市西區民族路632號1樓,黃思超,05-2163232
153,西醫診所,泓韋診所,3522023939,嘉義市西區上海路233號1樓,謝鏡泓,05-2838811
154,西醫診所,真善渼診所,3522023966,嘉義市西區義昌里15鄰民族路642號,王家麟,2230505
155,西醫診所,長椿耳鼻喉科診所,3522023993,嘉義市西區致遠里興業西路86號,林長椿,05-2289981
156,西醫診所,吳南逸診所,3522024016,嘉義市西區翠岱里興業西路122-7號1樓,吳南逸,05-2232388
157,西醫診所,丞品內科診所,3522024025,嘉義市西區興達路102號嘉義市興達路102號,趙亞孟,2331182
158,西醫診所,安馨嘉義內科診所,3522024043,嘉義市西區友愛路239號1、2樓,吳孟泰,2812525
159,西醫診所,巴黎雅診所,3522024052,嘉義市西區興業西路128號1樓,陳聖明,2865555
160,西醫診所,明家眼科診所,3522024061,嘉義市西區仁愛路482號2樓,何宗諭,2282278
161,西醫診所,永安診所,3522024070,嘉義市西區北興街406號,盧重均,2320877
162,西醫診所,嘉祐耳鼻喉科診所,3522024089,嘉義市西區興業西路156號,趙子彥,2350860
163,西醫診所,開心診所,3522024098,嘉義市西區玉山路182號,呂俊忠,2860208.093
164,西醫診所,大田耳鼻喉科診所,3522024132,嘉義市西區嘉義市西區民生南路684號,李承?,
165,西醫診所,陳政康診所,3522024141,嘉義市西區興業西路36號,陳政康,05-2714002
166,西醫診所,保安診所,3522024169,嘉義市西區新民路852號1樓,王俊凱,05-2862219
167,西醫診所,中興耳鼻喉科診所,3522024187,嘉義市西區中興路266號,林建宏,05-2321088
168,西醫診所,祐明眼科診所,3522024196,嘉義市西區友愛路153號,杜志強,05-2333310
169,西醫診所,仁愛神經內科診所,3522024203,嘉義市西區仁愛路355號,施信安,05-2253700
170,西醫診所,家馨診所,3522024212,嘉義市西區民族路732號,杜興孟,05-2251589
171,西醫診所,陳伯卿眼科診所,3522024221,嘉義市西區博愛路二段66號,陳伯卿,05-2327070
172,西醫診所,民權診所,3522024230,嘉義市西區嘉義市民權路385號1樓,朱冠宇,05-2252099
173,西醫診所,信合美診所,3522024249,嘉義市西區興業西路87、89號,謝俊雄,05-2867272
174,西醫診所,仁弘診所,3522024258,嘉義市西區文化路603號1樓,張乃仁,05-2812580
175,西醫診所,嘉義市西區衛生所,2322020013,嘉義市西區福全里德明路１號,楊百文,05 2223640
176,西醫診所,東門王耳鼻喉科診所,3522013120,嘉義市東區公明路131號1樓,王碩毅,05-2276563
177,西醫診所,立文小兒科診所,3522013139,嘉義市東區新生路782號1、2樓,邱麗雯,05-2766286
178,西醫診所,許永福小兒科診所,3522013166,嘉義市東區垂楊路46號,許永福,05-2783058
179,西醫診所,台大風尚皮膚科診所,3522013193,嘉義市東區新生路612號1樓,陳俊成,05-2711711
180,西醫診所,和平眼科診所,3522013200,嘉義市東區和平路325號,林宛靜,2255561
181,西醫診所,蔡金火診所,3522010030,嘉義市東區吳鳳北路３５１號,蔡金火,05 2786788
182,西醫診所,仁和診所,3522010398,嘉義市東區吳鳳北路４２３號,陳坤生,05 2782762
183,西醫診所,旭豐診所,3522011144,嘉義市東區吳鳳南路5 8 3號,蔡勝義,05 2302108
184,西醫診所,文山診所,3522011466,嘉義市東區府路里國華街１７１號,葉紹忠,05 2293118
185,西醫診所,博文診所,3522011475,嘉義市東區台林街１０８之２號,吳博文,05 2758866
186,西醫診所,張耿源診所,3522011528,嘉義市東區光華路80號,張耿源,05 2279969
187,西醫診所,趙善楷耳鼻喉科診所,3522011555,嘉義市東區新生路２３０號,趙善楷,05 2759955
188,西醫診所,良如診所,3522011591,嘉義市東區新生路782號1、2樓,游澤逸,05  2779463
189,西醫診所,傅林診所,3522013184,嘉義市東區長竹里金龍街8號1樓,傅玉良,05-2781900
190,西醫診所,丁效曾整形外科診所,3522013228,嘉義市東區中山路229號、231號1、2樓,丁效曾,2222188
191,西醫診所,邱晉陽診所,3522013237,嘉義市東區吳鳳北路280號,邱晉陽,2751973
192,西醫診所,羅大德診所,3522013264,嘉義市東區新生路588號1、2樓,羅大德,2788297
193,西醫診所,嘉亮眼科診所,3522013273,嘉義市東區中山路236號1-3樓,盧武聰,2276969
194,西醫診所,向光眼科診所,3522013282,嘉義市東區民族路114號1樓,吳經富,2788358
195,西醫診所,楊澍青診所,3522013291,嘉義市東區民權路110號1樓,楊澍青,05-2776001
196,西醫診所,新恩診所,3522013308,嘉義市東區新生路357號1樓；359號1、2樓,曾愉桓,05-2777937
197,西醫診所,滿溢小兒科診所,3522013317,嘉義市東區垂楊路104號1樓,何成宜,05-2767757
198,西醫診所,軍輝耳鼻喉科診所,3522013344,嘉義市東區軍輝路198號1樓,李錦昇,05-2301616
199,西醫診所,維欣醫美診所,3522013353,嘉義市東區太平里民權路108號2樓,林紋甄,05-2715789
200,西醫診所,賴瑪莉診所,3522013362,嘉義市東區新生路313號1樓,賴瑪莉,05-2741234
201,西醫診所,黃靖修內科診所,3522013371,嘉義市東區吳鳳北路389號1樓,黃靖修,05-2776108
202,西醫診所,劉怡慧皮膚科診所,3522013380,嘉義市東區吳鳳南路577號1樓,劉怡慧,05-2393388
203,西醫診所,林育興耳鼻喉科診所,3522013399,嘉義市東區華南里民族路200號,林育興,05-2288568
204,西醫診所,福康診所,3522013406,嘉義市東區頂庄里新生路683號1、2樓,甘宗本,05-2715688
205,西醫診所,周裕軒身心醫學診所,3522013415,嘉義市東區民樂街141號1樓民樂街141號1樓,周裕軒,05-2229823
206,西醫診所,禾宜婦幼診所,3522013424,嘉義市東區林森西路95號嘉義市東區林森西路95號,呂政忠,2769449
207,西醫診所,廖學儒耳鼻喉科診所,3522013451,嘉義市東區中山路84號中山路84號,廖學儒,2779070
208,西醫診所,尚美整形外科診所,3522013479,嘉義市東區興中街145號1樓及2樓,楊文圭,
209,西醫診所,洪文泓診所,3522013488,嘉義市東區林森東路470巷6號,洪文泓,2766266
210,西醫診所,怡康診所,3522013497,嘉義市東區林森東路496號,徐焜彥,2770236
211,西醫診所,蕭正誠診所,3522013504,嘉義市東區公明路34號之4,蕭正誠,2788938
212,西醫診所,祐健診所,3522013513,嘉義市東區民族路268巷7號3樓,王豐治,2233438
213,西醫診所,昆德診所,3522013522,嘉義市東區林森東路287號,蘇振綸,05-2788750
214,西醫診所,和威診所,3522013531,嘉義市東區中正路112-2號,何威德,
215,西醫診所,興業耳鼻喉科診所,3522013540,嘉義市東區興業東路60號,蘇熙淵,05-2759591
216,西醫診所,玉貴人整形外科診所,3522013568,嘉義市東區民族路76-1號2樓,朱純慧,05-2775050
217,西醫診所,臺中榮民總醫院嘉義分院附設門診部,2622010013,嘉義市東區吳鳳北路35巷4號,林馥郁,05 2712145
218,西醫診所,侯耳鼻喉科診所,3522010012,嘉義市東區公明路３０１號,侯林明珠,05 2222893
219,西醫診所,江昇洸診所,3522010067,嘉義市東區民權路２７９之１號,江昇洸,05 2258717
220,西醫診所,德洋診所,3522010209,嘉義市東區民權路１９０之１號,曾滄洋,05 2784903
221,西醫診所,潘內兒科診所,3522010236,嘉義市東區公明路３５２號,潘俊雄,05 2284757
222,西醫診所,陳顯章骨科診所,3522010245,嘉義市東區公明路３４２號,陳顯章,05 2253669
223,西醫診所,蔡耳鼻喉科診所,3522010254,嘉義市東區仁和里中山路２７０號,蔡榮茂,05 2222602
224,西醫診所,劉耳鼻喉科診所,3522010343,嘉義市東區民權路３２２之２號,劉國昇,05 2786915
225,西醫診所,何義明內兒科診所,3522010469,嘉義市東區文昌里文昌街１０９號,何義明,05 2226588
226,西醫診所,柯明裕家庭醫學科診所,3522010496,嘉義市東區吳鳳南路１１號,柯明裕,05 2237578
227,西醫診所,黃國榮內兒科診所,3522010558,嘉義市東區公明路２８３號,黃國榮,05 2224026
228,西醫診所,順安診所,3522010585,嘉義市東區公明路１９３號,林明敏,05 2276911
229,西醫診所,林信義內兒科診所,3522010647,嘉義市東區中正路３１３號,林信義,05 2251025
230,西醫診所,明生內兒科診所,3522010683,嘉義市東區吳鳳南路６０５號,陳明生,05 2398542
231,西醫診所,黃銘模診所,3522010692,嘉義市東區中正路３７４號,黃銘模,05 2247873
232,西醫診所,陳俊雄婦產科外科診所,3522010709,嘉義市東區鎮南里民族路２４８號,陳俊雄,05 2221506
233,西醫診所,俊清外科診所,3522010727,嘉義市東區興業東路２０７號,李俊清,05 2258464
234,西醫診所,張家庭醫學科診所,3522010745,嘉義市東區民權路９６之１號,張始鵬,05 2783208
235,西醫診所,懷恩診所,3522010754,嘉義市東區興中街１３７號,何義民,05 2277711
236,西醫診所,楊振榮內兒科診所,3522010772,嘉義市東區東興里忠孝路１７８號,楊振榮,05 2223254
237,西醫診所,福音聯合診所,3522010852,嘉義市東區吳鳳北路340號,陳偉順,05 2782036
238,西醫診所,鄭眼科診所,3522010861,嘉義市東區吳鳳北路２３９號,鄭尚仁,05 2226086
239,西醫診所,文祥小兒科診所,3522010923,嘉義市東區民權路３００之４號,張文祥,05 2770777
240,西醫診所,華山診所,3522010950,嘉義市東區吳鳳北路１５１號,顏福源,05 2248777
241,西醫診所,陳文勝診所,3522011019,嘉義市東區新開里垂揚路３３號,陳文勝,05 2256789
242,西醫診所,葉弘貴小兒科診所,3522011028,嘉義市東區仁和里中山路２５３號,葉弘貴,05 2253863
243,西醫診所,孫小兒科診所,3522011046,嘉義市東區吳鳳北路２８９號,孫凱智,05 2222829
244,西醫診所,石內科診所,3522011073,嘉義市東區吳鳳南路６８７之２號,石清楨,05 2301883
245,西醫診所,蘇婦產科診所,3522011162,嘉義市東區府路里蘭井街１７３之１號,蘇賢傑,05 2231886
246,西醫診所,宋思權診所,3522011171,嘉義市東區吳鳳北路３０９號,宋思權,05 2286698
247,西醫診所,莊凱全小兒科診所,3522011279,嘉義市東區民權路１０之1號,莊凱全,05 2769658
248,西醫診所,華陽診所,3522011304,嘉義市東區檜村里忠孝路２８４之２號,邱劍華,05 2754038
249,西醫診所,蘇耳鼻喉科診所,3522011322,嘉義市東區宣信里垂楊路１７１號,蘇明忠,05 2237078
250,西醫診所,安男診所,3522011340,嘉義市東區吳鳳北路２５１號,張安男,05 2224707
251,西醫診所,張森榮診所,3522011377,嘉義市東區延平街１０２號,張森榮,05 2275086
252,西醫診所,彭診所,3522011402,嘉義市東區東仁里中山路１６５號,彭玄君,05 2233406
253,西醫診所,活石診所,3522011519,嘉義市東區忠孝路362之1號,陳欽朋,05 2761596
254,西醫診所,林裕益婦產科診所,3522011546,嘉義市東區橧村里忠孝路３４０．３４２號,林裕益,05 2778801
255,西醫診所,黃崇銘診所,3522011564,嘉義市東區新生路361號,黃崇銘,05 2777686
256,西醫診所,德珍婦產科診所,3522011573,嘉義市東區吳鳳北路３３９號,吳松年,05 2755339
257,西醫診所,吳長宗診所,3522011617,嘉義市東區光華路2之1號,吳長宗,05 239036
258,西醫診所,郭文吉神經科診所,3522011635,嘉義市東區吳鳳北路一九九號,郭文吉,05 2239365
259,西醫診所,郭健軍皮膚科診所,3522011680,嘉義市東區仁和里中山路２８４號,郭健軍,05 2273836
260,西醫診所,何光哲小兒科診所,3522011699,嘉義市東區新生路３０９號,何光哲,05 2766878
261,西醫診所,嘉恩診所,3522011742,嘉義市東區興業東路237號1樓、２樓,沈明哲,05 2288092
262,西醫診所,宏醫診所,3522012794,嘉義市東區民族路309.311號,葉慧宗,2254868
263,西醫診所,趙祥凱皮膚科診所,3522012801,嘉義市東區興南里垂楊路209號,趙祥凱,05 2246236
264,西醫診所,信安診所,3522012838,嘉義市東區民權路二七八號,陳浩光,05-2785681
265,西醫診所,黃世斌小兒科診所,3522012856,嘉義市東區博東路47號,黃世斌,05-2710271
266,西醫診所,王診所,3522012945,嘉義市東區公明路131號,王源祥,05-2276563
267,西醫診所,長鴻診所,3522012972,嘉義市東區民權路322號,李長鴻,05-2782113
268,西醫診所,吳國君診所,3522013004,嘉義市東區吳鳳北路四三三號一樓,吳國君,52283298
269,西醫診所,李培源聯合診所,3522013013,嘉義市東區中山路175號,李培源,05-2222075
270,西醫診所,黃傳益婦產科診所,3522013022,嘉義市東區林森東路45號,黃傳益,05-2776306
271,西醫診所,欣升診所,3522013077,嘉義市東區新生路651號一樓,鄭勵惟,05-2765538
272,西醫診所,許小兒科診所,3522013086,嘉義市東區和平路二十二號,許玉蟾,05-2280858
273,西醫診所,林仙明診所,3522013095,嘉義市東區大雅路二段599號,林仙明,05-2770233
274,西醫診所,郭俊鋐診所,3522013102,嘉義市東區彌陀路二六二號,郭俊鋐,05-2771893
275,西醫診所,聖心診所,3522013111,嘉義市東區民權路367號一樓,魏柏煌,05-2224800
276,西醫診所,嘉義市東區衛生所,2322010017,嘉義市東區東川里大雅路２段６２５號,林唐逵,05-2750423
277,牙醫診所,重安牙醫診所,3722020021,嘉義市西區社內里民生北路２６０號,王兆平,05 2254669
278,牙醫診所,隆顯牙醫診所,3722020058,嘉義市西區光路里新民路５７３號,蘇隆顯,05 2858577
279,牙醫診所,奉天牙醫診所,3722020076,嘉義市西區仁愛路５４８號,吳建綱,05 2247525
280,牙醫診所,僑倫牙醫診所,3722020101,嘉義市西區民族路６５８號,蔡瑛璋,05 2246715
281,牙醫診所,翁牙醫診所,3722020156,嘉義市西區光彩街４６１號,翁富雄,05 2281918
282,牙醫診所,憲昇牙醫診所,3722020165,嘉義市西區自強里興業西路２４８號,楊憲昇,05 2852043
283,牙醫診所,柳牙醫診所,3722020174,嘉義市西區北榮里文華街１號,柳文章,05 2320634
284,牙醫診所,仁安牙醫診所,3722020192,嘉義市西區國華街２２２之３號,謝炎銘,05 2234118
285,牙醫診所,莊牙醫診所,3722020218,嘉義市西區府路里忠義街６４號,莊東浦,05 2235922
286,牙醫診所,王柏東牙醫診所,3722020236,嘉義市西區民權路４５３號,王柏東,05 2231821
287,牙醫診所,李芳美牙醫診所,3722020272,嘉義市西區長榮街３２７號,李芳美,05 2225290
288,牙醫診所,慈生牙醫診所,3722020343,嘉義市西區慶昌里博愛路一段４１１之５號,黃鉅昌,05 2334209
289,牙醫診所,新民牙醫診所,3722020352,嘉義市西區新民路８３８號,賀守德,05 2851179
290,牙醫診所,樺昌牙醫診所,3722020361,嘉義市西區民生北路61號,胡毓釗,05 2249695
291,牙醫診所,頂好牙醫診所,3722020370,嘉義市西區民生南路二九四號五樓之二,舒瓊明,05 2856261
292,牙醫診所,歐牙醫診所,3722020389,嘉義市西區仁愛路４７８號,歐明憲,05 2247222
293,牙醫診所,明仁堂牙醫診所,3722020405,嘉義市西區福民里興業西路２９５號,高曼齡,05 2362726
294,牙醫診所,新生牙醫診所,3722020414,嘉義市西區民生北路97號1樓,鄭景文,05 2291298
295,牙醫診所,佑寧牙醫診所,3722020423,嘉義市西區民安里中正路７１８號,吳建鋒,05 2241402
296,牙醫診所,丞泰牙醫診所,3722020450,嘉義市西區學圃里民生北路５４號,李崇耀,05 2256400
297,牙醫診所,佑群牙醫診所,3722020469,嘉義市西區新民路６９９號,許文曉,05 2362970
298,牙醫診所,培元牙醫診所,3722020487,嘉義市西區垂楊里垂楊路５１７號２樓,陳培元,05 2358188
299,牙醫診所,上林牙醫診所,3722020496,嘉義市西區林森西路５３０號,郭漢聰,05 2255478
300,牙醫診所,統一牙醫診所,3722020549,嘉義市西區八德路３７號,陳坤財,05 2340803
301,牙醫診所,協力牙醫診所,3722020567,嘉義市西區德安路４９號,陳保光,05 2324825
302,牙醫診所,天台牙醫診所,3722020576,嘉義市西區民族路五五八號,陳景居,05 2238052
303,牙醫診所,安麗牙醫診所,3722020594,嘉義市西區褔民里興業西路４０３號一樓,賴榮燦,05 2868055
304,牙醫診所,德安祥牙醫診所,3722020610,嘉義市西區北興街257號,陳釗源,05 2810691
305,牙醫診所,超群牙醫診所,3722020629,嘉義市西區友愛路５６３號,池建勳,05 2811586
306,牙醫診所,慶宏牙醫診所,3722020638,嘉義市西區北興街１３９號,張宏旭,05 2314407
307,牙醫診所,澤任大維牙醫診所 T.Z. DENTWAY,3722020647,嘉義市西區仁愛路349號1樓,羅大維,05 2278625
308,牙醫診所,中心牙醫診所,3722021706,嘉義市西區新榮路191號,林俊成,
309,牙醫診所,博眾牙醫診所,3722021715,嘉義市西區民生南路391號,湯欽仰,05-2835186
310,牙醫診所,吳鴻宜牙醫診所,3722021733,嘉義市西區中山路378號1、2樓,吳鴻宜,05-2162166
311,牙醫診所,中興牙醫診所,3722021742,嘉義市西區中興路297號,張桂模,05-2329197
312,牙醫診所,林森牙醫診所,3722021751,嘉義市西區林森西路201號,蘇進敏,05-2237098
313,牙醫診所,魏牙醫診所,3722021760,嘉義市西區興業西路七十八號一樓,魏春智,05-2289157
314,牙醫診所,佳品牙醫診所,3722021779,嘉義市西區南京路586號一樓,曾麒毓,05-2861660
315,牙醫診所,品雅牙醫診所,3722021788,嘉義市西區南京路97號,蔡銀華,05-2841616
316,牙醫診所,育瑄牙醫診所,3722021797,嘉義市西區民生南路510巷27號1樓,張玉華,05-2852108
317,牙醫診所,健雅牙醫診所,3722021804,嘉義市西區中興路446號,林育賢,05-2841082
318,牙醫診所,晴亮牙醫診所,3722021831,嘉義市西區興業西路236號1至2樓,李政勳,05-2865888
319,牙醫診所,得恩牙醫診所,3722021859,嘉義市西區福民里南京路468號1樓,李兆禧,05-2869689
320,牙醫診所,健福牙醫診所,3722021877,嘉義市西區八德路227號2樓,姚秀美,05-2325288
321,牙醫診所,格林牙醫診所,3722021886,嘉義市西區興業西路38號1樓,楊哲榮,05-2222777
322,牙醫診所,創新牙醫診所,3722021895,嘉義市西區中興路37號1、2樓,蔡凱多,2320022
323,牙醫診所,光禾牙醫診所,3722021902,嘉義市西區民生北路294號1樓,朱英彰,05-2288256
324,牙醫診所,唐亨牙醫診所,3722021911,嘉義市西區北榮里文化路428號,唐舶書,05-2347000
325,牙醫診所,勤美牙醫診所,3722021920,嘉義市西區新富里垂楊路506號,張淵智,05-2234755
326,牙醫診所,馬可牙醫診所,3722021939,嘉義市西區中正路436號,王泰翔,2245536
327,牙醫診所,長春牙醫診所,3722021948,嘉義市西區西區保安二路58號,林昇澤,05-2320528
328,牙醫診所,童心親子牙科診所,3722021957,嘉義市西區垂楊路436、438號1樓,胡文嘉,05-2258068
329,牙醫診所,現代牙醫診所,3722010356,嘉義市東區初陽里成仁街１號,李國貞,05 2259251
330,牙醫診所,上揚牙醫診所,3722010383,嘉義市東區吳鳳南路２１５號,蔡元愷,05 2292546
331,牙醫診所,蘇世忠牙醫診所,3722010409,嘉義市東區林森東路４１４號,蘇世忠,05 2786469
332,牙醫診所,高正川牙醫診所,3722010418,嘉義市東區民族路95號1樓、９７號２樓之２,高正川,05 2750055
333,牙醫診所,敦眾牙醫診所,3722010463,嘉義市東區府路里蘭井街１７３號,許書銘,05 2252586
334,牙醫診所,專佳牙醫診所,3722010472,嘉義市東區新生路７８９號,吳耀宗,05 2773507
335,牙醫診所,靚美牙醫診所,3722010481,嘉義市東區民國路２４５號,廖悅蘭,05 2781010
336,牙醫診所,宏恩牙醫診所,3722010490,嘉義市東區北城里忠孝路１８３號,陳美玲,05 2762876
337,牙醫診所,芳榮牙醫診所,3722010507,嘉義市東區蘭井里忠孝路６８號,池泉三,05 2232729
338,牙醫診所,慈德牙醫診所,3722010516,嘉義市東區新店里義教街８號,陳大川,05 2773372
339,牙醫診所,佳音牙醫診所,3722010525,嘉義市東區中山路201號4樓,孫茂彬,05 2235242
340,牙醫診所,加恩牙醫診所,3722010534,嘉義市東區新開里市宅街１８之１號,簡宏榮,05 2283815
341,牙醫診所,黃于修牙醫診所,3722010543,嘉義市東區興中街１５４號,黃于修,05 2285390
342,牙醫診所,正典牙醫診所,3722010552,嘉義市東區大雅路二段576號,王蒨芬,05 2769955
343,牙醫診所,協志牙醫診所,3722010561,嘉義市東區中正路３４１號,何嘉雄,05 2221111
344,牙醫診所,張耿榮牙醫診所,3722010589,嘉義市東區中央里光華路８５號,張耿榮,05 2226829
345,牙醫診所,理想牙醫診所,3722010598,嘉義市東區龍山里民族路132號,呂佳淳,05 2778800
346,牙醫診所,陳丕修牙醫診所,3722010614,嘉義市東區中山路51號1-2樓,陳丕修,05 2779901
347,牙醫診所,尚亨牙醫診所,3722010632,嘉義市東區林森東路290號,黃淳,05 2750745
348,牙醫診所,佳德牙醫診所,3722010650,嘉義市東區吳鳳南路五０一號,梁金成,05 2273676
349,牙醫診所,和興牙醫診所,3722010669,嘉義市東區吳鳳南路５７７－１號１樓,游宗府,05 2309908
350,牙醫診所,黃文政牙醫診所,3722010678,嘉義市東區東噴里中山路102號,黃文政,05 2757981
351,牙醫診所,德明牙醫診所,3722010687,嘉義市東區龍山里文昌街４８號,潘德明,05 2238823
352,牙醫診所,大佳牙醫診所,3722010696,嘉義市東區吳鳳南路３５５號,林威州,05 2248579
353,牙醫診所,慧安牙醫診所,3722011700,嘉義市東區興中街145-1號1樓,謝中興,05 2716200
354,牙醫診所,蕭嘉成牙醫診所,3722011719,嘉義市東區北榮街89號,蕭嘉成,2221990
355,牙醫診所,董牙醫診所,3722011728,嘉義市東區民族路186號,董俊麟,05-2782156
356,牙醫診所,宜家牙醫診所,3722011737,嘉義市東區興業東路78號1樓,林俊宏,05-2160689
357,牙醫診所,陳興國牙醫診所,3722011764,嘉義市東區五福街65號,陳興國,05-2781019
358,牙醫診所,詮承牙醫診所,3722011782,嘉義市東區忠孝路284號之5號,張耀仁,05-2771299
359,牙醫診所,安誼牙醫診所,3722011791,嘉義市東區嘉北街24號1樓,黃俊遠,05-2763757
360,牙醫診所,吳宗儒牙醫診所,3722011888,嘉義市東區初陽里興中街68之2號1樓,吳宗儒,05-2290578
361,牙醫診所,渥爾牙醫診所,3722011808,嘉義市東區忠孝路366號1、2、3樓,簡士智,05-2763797
362,牙醫診所,百立牙醫診所,3722011817,嘉義市東區忠孝路376號1、2樓,陳百立,05-2765752
363,牙醫診所,柯立心牙醫診所,3722011826,嘉義市東區大雅路二段460號1、２樓,柯立心,2758777
364,牙醫診所,王牙醫診所,3722011835,嘉義市東區蘭井街239號,王溫成,963413789
365,牙醫診所,正大牙醫診所,3722011844,嘉義市東區民權路190號,何嘉謨,2780261
366,牙醫診所,維欣牙醫診所,3722011853,嘉義市東區維新路125號1-2樓、127號1-2樓,邱國杰,05-2715789
367,牙醫診所,幸福牙醫診所,3722011860,嘉義市東區軍輝路218號1、2樓,謝志青,05-2398022
368,牙醫診所,好亮牙醫診所,3722011879,嘉義市東區林森東路428號之1一樓,賴重志,05-2789922
369,牙醫診所,優格牙醫診所,3722011899,嘉義市東區中山路134號1樓,林忠毅,05-2168168
370,牙醫診所,協和牙醫診所,3722011906,嘉義市東區吳鳳北路359號1樓 ,蘇安立,2715211
371,牙醫診所,人文新境牙醫診所,3722011915,嘉義市東區大雅路一段606號1、2樓,吳帛霓,05-2763456
372,牙醫診所,楊子立牙醫診所,3722011924,嘉義市東區東噴裡公明路160號,楊子立,05-2750017
373,牙醫診所,敦美牙醫診所,3722011933,嘉義市東區博東路41號,陳炫霖,05-2768053
374,牙醫診所,親親牙醫診所,3722010016,嘉義市東區民國路１９０號,鄭輝雄,05 2788278
375,牙醫診所,杏林牙醫診所,3722010034,嘉義市東區吳鳳北路１４７號,李宗沂,05 2278218
376,牙醫診所,美德牙醫診所,3722010043,嘉義市東區仁和里成仁街１８５號２樓,曾培祐,05 2229925
377,牙醫診所,正安牙醫診所,3722010052,嘉義市東區文化路４３６號,林俊樑,05 2321476
378,牙醫診所,林惠生牙醫診所,3722010070,嘉義市東區中正路１６１號,林惠政,05 2276694
379,牙醫診所,李牙醫診所,3722010089,嘉義市東區公明路３２２號,李長明,05 2221797
380,牙醫診所,張牙醫診所,3722010105,嘉義市東區長榮街１０２號,張東泉,05 2786736
381,牙醫診所,邱牙醫診所,3722010114,嘉義市東區民權路２０８之４號,邱耀章,05 2784420
382,牙醫診所,兄弟牙醫診所,3722010132,嘉義市東區仁武里中山路２１６號,林廷松,05 2289054
383,牙醫診所,泰安牙醫診所,3722010178,嘉義市東區興中街２８號,張瑞峰,05 2238642
384,牙醫診所,仁一牙醫診所,3722010187,嘉義市東區新生路７１１號,鄭智仁,05 2776076
385,牙醫診所,林牙醫診所,3722010196,嘉義市東區興中街２０２號,林正峰,05 2782185
386,牙醫診所,周牙醫診所,3722010203,嘉義市東區彌陀路２５６號,周冠宏,05 2771535
387,牙醫診所,平安牙醫診所,3722010212,嘉義市東區新開里垂楊路８９號２樓之１,諶祖銘,05 2287779
388,牙醫診所,誠一牙醫診所,3722010221,嘉義市東區光彩街４００號,吳佩芬,05 2256666
389,牙醫診所,大義嘉牙醫診所,3722010230,嘉義市東區吳鳳南路１１７之１號,莊滄濤,05 2254012
390,牙醫診所,嘉興牙醫診所,3722010258,嘉義市東區和平路１４７號,李明峻,05 2251987
391,牙醫診所,嘉和牙醫診所,3722010267,嘉義市東區安平里成仁街７６號,游瑞楠,05 2281926
392,牙醫診所,第一牙醫診所,3722010276,嘉義市東區興中街９８之１號,江武德,05 2277375
393,牙醫診所,大華牙醫診所,3722010285,嘉義市東區公明路２５６號,郭宏仁,05 2284769
394,牙醫診所,聯合牙醫診所,3722010294,嘉義市東區東噴里中山路６５號,何嘉欽,05 2784396
395,牙醫診所,慶華牙醫診所,3722010329,嘉義市東區安和街２４６號,謝慶達,05 2784452
396,牙醫診所,輔仁牙醫診所,3722010338,嘉義市東區吳鳳南路２５８號,侯立昀,05 2238117
397,醫療機構,衛生福利部嘉義醫院,122020517,嘉義市西區北港路312號,,
398,醫療機構,臺中榮民總醫院嘉義分院,622020017,嘉義市西區劉厝里世賢路二段６００號,,
399,醫療機構,仁德醫療社團法人陳仁德醫院,922020013,嘉義市西區林森西路285號,,
400,醫療機構,慶昇醫療社團法人慶昇醫院,922020022,嘉義市西區新榮路339、339-1號,,
401,醫療機構,盧亞人醫院,1522021175,嘉義市西區民權路四０六號,,
402,醫療機構,安心醫院,1522021264,嘉義市西區新民路88號,,
403,醫療機構,世華醫院,1522021237,嘉義市西區仁愛路365號,,
404,醫療機構,祥太醫院,1522021273,嘉義市西區書院里延平街490號  永和街116號,,
405,醫療機構,戴德森醫療財團法人嘉義基督教醫院,1122010012,"嘉義市東區中庄里忠孝路５３９號；
東區後湖里保建街100號；
東區頂庄里忠孝路642號",,
406,醫療機構,天主教中華聖母修女會醫療財團法人天主教聖馬爾定醫院,1122010021,嘉義市東區短竹里大雅路二段565號,,
407,醫療機構,建興醫院,1522011080,嘉義市東區內安里中山路１４８號,,
408,醫療機構,陽明醫院,1522011115,嘉義市東區吳鳳北路252號,,
